{
  "model": {
    "model_name": "GPT3",
    "num_layers": 10,
    "parameters": {
      "total_parameters_bytes": 2405502976,
      "parameters_per_layer_bytes": [393216000, 202383360, 202383360, 202383360, 202383360, 202383360, 202383360, 202383360, 202383360, 393220096]
    }
  },
  "execution_time": {
    "total_time_ms": 635.8691215515137,
	"forward_backward_time_ms": 611.6964817047119,
    "batch_generator_time_ms": 0.9355545043945312,
    "layernorm_grads_all_reduce_time_ms": 0.6118535995483398,
    "embedding_grads_all_reduce_time_ms": 0.038433074951171875,
    "optimizer_time_ms": 20.454931259155273,
    "layer_compute_total_ms": [
		 2.507448196411133,
         63.25173377990723,
         63.25173377990723,
         63.25173377990723,
         63.25173377990723,
         63.25173377990723,
         63.25173377990723,
         63.25173377990723,
         63.25173377990723,
         0.6699562072753906]
  },
  "execution_memory": {
    "total_memory": 53120,
    "layer_memory_total_mb": [4174,4042,4042,4042,4042,4042,4042,4042,4042,11930]
  }
}