{
  "model": {
    "model_name": "GPT3",
    "num_layers": 10,
    "parameters": {
      "total_parameters_bytes": 2405502976,
      "parameters_per_layer_bytes": [393216000, 202383360, 202383360, 202383360, 202383360, 202383360, 202383360, 202383360, 202383360, 393220096]
    }
  },
  "execution_time": {
    "total_time_ms": 349.4198799133301,
	"forward_backward_time_ms": 335.2949619293213,
    "batch_generator_time_ms": 0.9746074676513672,
    "layernorm_grads_all_reduce_time_ms": 0.6551504135131836,
    "embedding_grads_all_reduce_time_ms": 0.04265308380126953,
    "optimizer_time_ms": 10.96353530883789,
    "layer_compute_total_ms": [
		 2.949237823486328,
         35.823822021484375,
         35.823822021484375,
         35.823822021484375,
         35.823822021484375,
         35.823822021484375,
         35.823822021484375,
         35.823822021484375,
         35.823822021484375,
         0.67901611328125]
  },
  "execution_memory": {
    "total_memory": 53120,
    "layer_memory_total_mb": [2591.75,2067,2067,2067,2067,2067,2067,2067,2067,6305.75]
  }
}
